<?xml version="1.0" encoding="UTF-8"?>
<project-private xmlns="http://www.netbeans.org/ns/project-private/1">
    <editor-bookmarks xmlns="http://www.netbeans.org/ns/editor-bookmarks/2" lastBookmarkId="0"/>
    <open-files xmlns="http://www.netbeans.org/ns/projectui-open-files/2">
        <group>
            <file>file:/D:/PHP/xampp/htdocs/exchange_rates/application/views/layouts/main.php</file>
            <file>file:/D:/PHP/xampp/htdocs/exchange_rates/application/controllers/Home.php</file>
            <file>file:/D:/PHP/xampp/htdocs/exchange_rates/assets/css/style.css</file>
            <file>file:/D:/PHP/xampp/htdocs/exchange_rates/application/views/home/index.php</file>
            <file>file:/D:/PHP/xampp/htdocs/exchange_rates/assets/js/exchange_rate.js</file>
            <file>file:/D:/PHP/xampp/htdocs/exchange_rates/application/core/MY_Controller.php</file>
        </group>
    </open-files>
</project-private>
